City_ID,City,Country,Date,Lat,Lng,Max Temp,Humidity,Cloudiness,Wind Speed
0,Cockburn Town,TC,2022-07-18 22:11:06,21.4612,-71.1419,81.68,80,0,18.57
1,Mandalon,GR,2022-07-18 22:11:06,40.8583,22.2097,71.78,53,0,2.51
2,Busselton,AU,2022-07-18 22:11:06,-33.65,115.3333,50.29,86,0,8.68
3,Tessalit,ML,2022-07-18 22:11:07,20.1986,1.0114,87.49,44,58,17.9
4,Korla,CN,2022-07-18 22:11:07,41.7597,86.1469,80.55,18,5,12.66
5,Tucuman,AR,2022-07-18 22:11:08,-26.8241,-65.2226,55.4,47,0,4.61
6,Port-Gentil,GA,2022-07-18 22:11:08,-0.7193,8.7815,74.52,79,97,10.98
7,Antofagasta,CL,2022-07-18 22:11:08,-23.65,-70.4,56.48,76,16,4.43
8,Saint George,US,2022-07-18 22:11:02,37.1041,-113.5841,103.78,20,0,4.61
9,Punta Arenas,CL,2022-07-18 22:11:09,-53.15,-70.9167,41.11,81,75,31.07
10,Ponta Do Sol,PT,2022-07-18 22:11:09,32.6667,-17.1,73.0,81,12,3.24
11,Albany,US,2022-07-18 22:11:09,42.6001,-73.9662,77.65,88,100,3.0
12,Hermanus,ZA,2022-07-18 22:11:10,-34.4187,19.2345,53.8,83,99,4.34
13,Arraial Do Cabo,BR,2022-07-18 22:11:10,-22.9661,-42.0278,69.66,94,20,4.61
14,Maceio,BR,2022-07-18 22:11:10,-9.6658,-35.7353,78.24,78,40,8.05
15,Freeport,US,2022-07-18 22:11:11,40.6576,-73.5832,82.36,78,20,25.32
16,Hilo,US,2022-07-18 22:07:13,19.7297,-155.09,89.28,72,100,10.36
17,Siderno,IT,2022-07-18 22:11:11,38.2779,16.302,81.34,58,0,5.23
18,Chokurdakh,RU,2022-07-18 22:11:11,70.6333,147.9167,43.07,67,80,13.11
19,Qaanaaq,GL,2022-07-18 22:11:12,77.484,-69.3632,45.82,56,0,4.56
20,Bluff,NZ,2022-07-18 22:11:12,-46.6,168.3333,44.8,75,100,15.37
21,Sitka,US,2022-07-18 22:11:13,57.0531,-135.33,55.29,82,100,4.61
22,Trumbull,US,2022-07-18 22:11:13,41.3167,-80.7665,81.7,61,75,11.5
23,Puerto Ayora,EC,2022-07-18 22:11:13,-0.7393,-90.3518,76.96,91,96,5.99
24,Yellowknife,CA,2022-07-18 22:08:45,62.456,-114.3525,71.56,56,75,8.99
25,Husavik,IS,2022-07-18 22:08:01,66.0449,-17.3389,51.24,80,81,3.33
26,Mar Del Plata,AR,2022-07-18 22:11:14,-38.0023,-57.5575,48.87,80,0,7.0
27,Geraldton,AU,2022-07-18 22:11:14,-28.7667,114.6,55.81,88,100,11.5
28,Faanui,PF,2022-07-18 22:11:15,-16.4833,-151.75,76.8,67,72,7.0
29,Sao Filipe,CV,2022-07-18 22:06:37,14.8961,-24.4956,75.97,81,20,10.42
30,Preobrazheniye,RU,2022-07-18 22:11:15,42.9019,133.9064,65.52,88,100,5.46
31,Rikitea,PF,2022-07-18 22:11:15,-23.1203,-134.9692,74.71,76,17,12.08
32,Poum,NC,2022-07-18 22:11:16,-20.2333,164.0167,73.92,87,56,8.3
33,Mitsamiouli,KM,2022-07-18 22:11:16,-11.3847,43.2844,75.78,74,41,11.3
34,Taltal,CL,2022-07-18 22:11:16,-25.4,-70.4833,61.45,70,14,3.91
35,Saravan,AM,2022-07-18 22:11:17,39.7196,45.6483,62.83,53,2,10.0
36,Iqaluit,CA,2022-07-18 22:06:43,63.7506,-68.5145,41.7,86,64,8.01
37,Dikson,RU,2022-07-18 22:11:17,73.5069,80.5464,43.18,82,99,12.64
38,Ittiri,IT,2022-07-18 22:11:17,40.5929,8.5684,72.5,58,0,3.62
39,Nemuro,JP,2022-07-18 22:11:17,43.3236,145.575,60.48,99,100,6.71
40,Egvekinot,RU,2022-07-18 22:11:18,66.3167,-179.1667,44.22,52,100,12.66
41,Sangar,RU,2022-07-18 22:11:18,63.9242,127.4739,73.6,75,42,8.28
42,Tizimin,MX,2022-07-18 22:11:18,21.15,-88.15,89.13,53,75,12.03
43,Bethel,US,2022-07-18 22:11:19,41.3712,-73.414,77.04,92,75,9.22
44,Karratha,AU,2022-07-18 22:11:19,-20.7377,116.8463,66.78,68,2,6.13
45,Hervey Bay,AU,2022-07-18 22:11:19,-25.2986,152.8535,56.01,96,48,7.0
46,Port Hedland,AU,2022-07-18 22:12:20,-20.3167,118.5667,55.45,88,3,6.91
47,Berlevag,NO,2022-07-18 22:12:20,70.8578,29.0864,60.75,72,75,4.61
48,Chapais,CA,2022-07-18 22:12:20,49.7834,-74.8492,77.04,46,75,5.84
49,Cayenne,GF,2022-07-18 22:12:21,4.9333,-52.3333,82.09,1,75,1.14
50,Wasilla,US,2022-07-18 22:08:52,61.5814,-149.4394,64.06,68,100,9.22
51,Kutum,SD,2022-07-18 22:12:21,14.2,24.6667,80.31,45,61,10.51
52,Lorengau,PG,2022-07-18 22:12:21,-2.0226,147.2712,81.86,75,96,4.68
53,Mato Verde,BR,2022-07-18 22:12:22,-15.3972,-42.8664,72.32,47,27,7.99
54,Kruisfontein,ZA,2022-07-18 22:12:22,-34.0033,24.7314,57.88,93,55,1.59
55,Houma,US,2022-07-18 22:08:50,29.5958,-90.7195,89.02,85,40,6.91
56,Alexandria,EG,2022-07-18 22:08:05,31.2156,29.9553,79.72,74,0,8.41
57,Hofn,IS,2022-07-18 22:12:22,64.2539,-15.2082,50.88,83,77,9.26
58,Cabo San Lucas,MX,2022-07-18 22:12:23,22.8909,-109.9124,91.18,66,20,11.5
59,Ushuaia,AR,2022-07-18 22:12:23,-54.8,-68.3,33.46,69,75,25.32
60,Jamestown,US,2022-07-18 22:12:23,42.097,-79.2353,74.95,85,100,12.66
61,Thompson,CA,2022-07-18 22:12:24,55.7435,-97.8558,84.42,27,38,2.64
62,Longyearbyen,SJ,2022-07-18 22:12:24,78.2186,15.6401,51.64,66,75,13.8
63,Aqtobe,KZ,2022-07-18 22:12:24,50.2797,57.2072,82.49,36,0,15.66
64,Katsuura,JP,2022-07-18 22:12:24,35.1333,140.3,78.82,88,100,19.98
65,Kapaa,US,2022-07-18 22:12:25,22.0752,-159.319,84.52,75,40,19.57
66,Dingle,PH,2022-07-18 22:12:25,10.9995,122.6711,75.0,96,100,5.93
67,Kirakira,SB,2022-07-18 22:12:25,-10.4544,161.9205,81.79,76,16,6.91
68,Teguise,ES,2022-07-18 22:12:26,29.0605,-13.564,70.02,78,20,25.32
69,Palmer,US,2022-07-18 22:12:26,42.1584,-72.3287,76.55,83,100,6.26
70,Shouguang,CN,2022-07-18 22:12:26,36.88,118.7375,74.53,85,17,4.32
71,Pervomayskoye,RU,2022-07-18 22:12:27,43.919,46.7102,80.26,46,24,9.37
72,Naze,JP,2022-07-18 22:12:27,28.3667,129.4833,80.73,87,100,16.58
73,Grand Gaube,MU,2022-07-18 22:12:27,-20.0064,57.6608,68.38,69,63,11.99
74,Bengkulu,ID,2022-07-18 22:12:27,-3.8004,102.2655,75.13,88,3,3.6
75,Dapaong,TG,2022-07-18 22:12:28,10.8639,0.205,73.65,82,96,7.34
76,Vzmorye,RU,2022-07-18 22:12:28,54.6961,20.2361,61.0,84,98,7.61
77,The Valley,AI,2022-07-18 22:09:22,18.217,-63.0578,83.82,75,4,19.46
78,Tiksi,RU,2022-07-18 22:12:28,71.6872,128.8694,34.81,94,100,16.75
79,Atuona,PF,2022-07-18 22:12:29,-9.8,-139.0333,77.88,66,55,17.27
80,Torit,SS,2022-07-18 22:12:29,4.4133,32.5678,69.76,94,99,3.02
81,Mitu,CO,2022-07-18 22:12:29,1.1983,-70.1733,77.61,94,74,0.96
82,Roald,NO,2022-07-18 22:12:29,62.5833,6.1333,58.75,76,75,9.22
83,Mataura,NZ,2022-07-18 22:12:30,-46.1927,168.8643,44.47,97,100,1.03
84,Narsaq,GL,2022-07-18 22:12:30,60.9167,-46.05,59.22,71,100,2.91
85,Nanortalik,GL,2022-07-18 22:12:30,60.1432,-45.2371,46.24,82,86,3.06
86,Kupang,ID,2022-07-18 22:08:32,-10.1667,123.5833,69.24,81,53,10.45
87,Alta Floresta,BR,2022-07-18 22:12:31,-9.8756,-56.0861,81.25,29,1,3.89
88,Tibati,CM,2022-07-18 22:12:31,6.4667,12.6333,67.26,96,100,2.15
89,Dawei,MM,2022-07-18 22:12:31,14.0833,98.2,76.98,93,96,0.65
90,Gorontalo,ID,2022-07-18 22:09:04,0.5412,123.0595,72.7,90,100,1.77
91,Hobart,AU,2022-07-18 22:10:27,-42.8794,147.3294,43.27,85,75,8.05
92,Singaraja,ID,2022-07-18 22:13:32,-8.112,115.0882,77.16,80,100,4.47
93,Maniitsoq,GL,2022-07-18 22:13:32,65.4167,-52.9,44.17,91,100,3.8
94,Coihaique,CL,2022-07-18 22:13:32,-45.5752,-72.0662,40.95,70,75,3.44
95,Vacaria,BR,2022-07-18 22:11:52,-28.5122,-50.9339,51.98,95,95,3.76
96,Dunedin,NZ,2022-07-18 22:13:33,-45.8742,170.5036,50.81,91,100,1.01
97,Dwarka,IN,2022-07-18 22:13:33,22.2394,68.9678,81.68,82,94,12.84
98,Jiangyou,CN,2022-07-18 22:13:33,31.7667,104.7167,71.69,76,100,0.29
99,Yulara,AU,2022-07-18 22:13:33,-25.2406,130.9889,48.16,29,0,7.18
100,Butaritari,KI,2022-07-18 22:13:34,3.0707,172.7902,82.31,77,10,19.01
101,Roma,US,2022-07-18 22:10:15,43.2128,-75.4557,78.94,81,100,8.05
102,Nikolskoye,RU,2022-07-18 22:13:34,59.7035,30.7861,56.8,92,49,4.52
103,Malanje,AO,2022-07-18 22:13:34,-9.5402,16.341,67.96,48,53,4.59
104,Anadyr,RU,2022-07-18 22:13:35,64.75,177.4833,52.3,50,20,29.08
105,Quatre Cocos,MU,2022-07-18 22:13:35,-20.2078,57.7625,68.09,69,70,24.05
106,Vaini,TO,2022-07-18 22:13:35,-21.2,-175.2,77.16,83,75,10.36
107,Barentu,ER,2022-07-18 22:13:36,15.1139,37.5928,70.63,74,67,11.61
108,Anchorage,US,2022-07-18 22:13:36,61.2181,-149.9003,64.98,71,40,12.66
109,Okhtyrka,UA,2022-07-18 22:13:36,50.3104,34.8988,54.09,90,1,6.71
110,Luderitz,NA,2022-07-18 22:13:36,-26.6481,15.1594,57.54,85,0,13.0
111,Provideniya,RU,2022-07-18 22:12:21,64.3833,-173.3,42.91,81,100,20.0
112,Winnemucca,US,2022-07-18 22:13:37,40.973,-117.7357,84.25,39,20,6.91
113,Barrow,US,2022-07-18 22:13:37,71.2906,-156.7887,42.82,75,100,20.71
114,Chuy,UY,2022-07-18 22:13:37,-33.6971,-53.4616,48.24,82,2,2.37
115,Tuatapere,NZ,2022-07-18 22:13:38,-46.1333,167.6833,44.85,91,100,3.47
116,Pevek,RU,2022-07-18 22:13:38,69.7008,170.3133,33.04,80,100,2.53
117,Bambous Virieux,MU,2022-07-18 22:13:38,-20.3428,57.7575,68.22,88,40,17.27
118,Isangel,VU,2022-07-18 22:13:39,-19.55,169.2667,78.6,81,75,9.24
119,Katobu,ID,2022-07-18 22:13:39,-4.9408,122.5276,73.04,92,81,3.56
120,Nishihara,JP,2022-07-18 22:13:39,26.1842,127.7558,83.68,89,75,11.5
121,Qazvin,IR,2022-07-18 22:13:39,36.2797,50.0049,79.93,40,0,6.73
122,Xai-Xai,MZ,2022-07-18 22:13:40,-25.0519,33.6442,65.62,94,0,4.79
123,Ribeira Grande,PT,2022-07-18 22:13:40,38.5167,-28.7,73.02,90,23,6.31
124,Kota Kinabalu,MY,2022-07-18 22:13:40,5.9749,116.0724,76.98,88,20,5.01
125,Bredasdorp,ZA,2022-07-18 22:13:41,-34.5322,20.0403,54.28,85,100,2.04
126,Dembi Dolo,ET,2022-07-18 22:13:41,8.5333,34.8,57.18,95,100,3.15
127,Norman Wells,CA,2022-07-18 22:13:41,65.282,-126.8329,74.32,47,100,3.65
128,Lubango,AO,2022-07-18 22:13:41,-14.9172,13.4925,56.17,45,0,3.74
129,Vikhorevka,RU,2022-07-18 22:13:42,56.1201,101.1636,54.99,95,100,2.86
130,Algodones,MX,2022-07-18 22:13:42,20.3888,-105.4773,84.74,66,81,6.73
131,Bandarbeyla,SO,2022-07-18 22:13:42,9.4942,50.8122,75.76,79,78,35.16
132,Leshukonskoye,RU,2022-07-18 22:13:43,64.8989,45.7622,59.27,82,100,4.63
133,Port Blair,IN,2022-07-18 22:13:43,11.6667,92.75,80.94,84,99,7.7
134,Schruns,AT,2022-07-18 22:13:43,47.0709,9.9475,62.22,65,64,3.67
135,New Norfolk,AU,2022-07-18 22:13:43,-42.7826,147.0587,42.93,87,83,2.91
136,Kaitangata,NZ,2022-07-18 22:14:44,-46.2817,169.8464,46.06,92,100,8.43
137,Salekhard,RU,2022-07-18 22:14:44,66.53,66.6019,59.2,66,100,6.26
138,Krasnoarmeysk,RU,2022-07-18 22:14:44,51.0239,45.6969,59.31,76,0,12.8
139,Saumur,FR,2022-07-18 22:14:45,47.3333,-0.25,87.91,33,0,13.6
140,Inhambane,MZ,2022-07-18 22:14:45,-23.865,35.3833,68.14,88,3,2.42
141,Manzil Salim,TN,2022-07-18 22:14:45,35.8567,8.4765,80.83,28,0,8.61
142,Moree,AU,2022-07-18 22:14:01,-29.4667,149.85,43.43,68,0,4.09
143,Kaka,TM,2022-07-18 22:14:46,37.3482,59.6143,88.57,13,0,7.58
144,Kavaratti,IN,2022-07-18 22:14:46,10.5669,72.642,80.1,81,100,22.48
145,Zeya,RU,2022-07-18 22:14:46,53.75,127.2667,66.49,91,100,1.54
146,Schweinfurt,DE,2022-07-18 22:14:46,50.05,10.2333,69.6,48,22,1.68
147,Paka,MY,2022-07-18 22:14:47,4.6374,103.4368,79.05,89,100,5.12
148,Port Alfred,ZA,2022-07-18 22:14:47,-33.5906,26.891,64.9,57,86,8.81
149,Vila Franca Do Campo,PT,2022-07-18 22:14:47,37.7167,-25.4333,70.21,90,38,2.04
150,Srednekolymsk,RU,2022-07-18 22:14:48,67.45,153.6833,65.52,46,97,7.92
151,Sobolevo,RU,2022-07-18 22:14:48,54.4299,31.8996,55.36,87,94,5.95
152,Hadsund,DK,2022-07-18 22:13:10,56.7148,10.1168,62.51,91,84,9.95
153,Kodiak,US,2022-07-18 22:14:48,57.79,-152.4072,58.51,67,0,10.36
154,Darhan,MN,2022-07-18 22:14:48,49.4867,105.9228,63.37,60,24,5.21
155,Comodoro Rivadavia,AR,2022-07-18 22:12:54,-45.8667,-67.5,48.06,46,0,16.11
156,Saint-Philippe,RE,2022-07-18 22:14:49,-21.3585,55.7679,69.39,84,63,17.92
157,Gao,ML,2022-07-18 22:14:49,16.6362,1.637,86.99,47,14,7.65
158,Mayya,RU,2022-07-18 22:14:49,61.7333,130.2811,65.52,58,100,7.16
159,Upernavik,GL,2022-07-18 22:14:50,72.7868,-56.1549,43.92,75,100,0.38
160,Havre-Saint-Pierre,CA,2022-07-18 22:13:27,50.2334,-63.5986,61.21,89,81,16.08
161,Bilibino,RU,2022-07-18 22:14:50,68.0546,166.4372,47.32,60,100,4.09
162,Ekhabi,RU,2022-07-18 22:14:50,53.5102,142.9671,53.47,98,99,14.76
163,Vila Velha,BR,2022-07-18 22:12:16,-20.3297,-40.2925,73.35,84,0,4.61
164,Port Elizabeth,ZA,2022-07-18 22:14:51,-33.918,25.5701,63.32,91,43,3.0
165,Evanston,US,2022-07-18 22:14:51,42.0411,-87.6901,91.11,48,40,10.36
166,Olafsvik,IS,2022-07-18 22:14:51,64.8945,-23.7142,53.38,76,99,4.85
167,Aitape,PG,2022-07-18 22:14:51,-3.1374,142.3475,77.31,89,90,2.37
168,Zykovo,RU,2022-07-18 22:14:52,55.9519,93.1461,56.14,81,100,13.8
169,Neepawa,CA,2022-07-18 22:14:52,50.2289,-99.4664,79.02,69,28,11.25
170,Tuktoyaktuk,CA,2022-07-18 22:14:52,69.4541,-133.0374,55.71,81,100,5.64
171,Mercedes,AR,2022-07-18 22:14:53,-34.6515,-59.4307,53.78,45,84,7.9
172,Zhengjiatun,CN,2022-07-18 22:14:53,43.5064,123.5064,69.53,92,100,3.51
173,Havoysund,NO,2022-07-18 22:14:53,70.9963,24.6622,53.83,97,96,7.58
174,Victoria,HK,2022-07-18 22:13:30,22.2855,114.1577,86.38,84,100,10.0
175,Mount Isa,AU,2022-07-18 22:14:54,-20.7333,139.5,53.37,50,0,9.22
176,Kahului,US,2022-07-18 22:14:54,20.8947,-156.47,89.62,60,40,24.16
177,Carnarvon,AU,2022-07-18 22:14:54,-24.8667,113.6333,61.05,67,0,14.23
178,Vostok,RU,2022-07-18 22:14:55,46.4856,135.8833,63.9,85,88,0.6
179,Minuri,PH,2022-07-18 22:14:55,16.535,121.8574,74.91,93,98,2.3
180,Kurilsk,RU,2022-07-18 22:12:21,45.2333,147.8833,58.91,98,99,5.12
181,Petropavlovsk-Kamchatskiy,RU,2022-07-18 22:15:55,53.0452,158.6483,55.99,100,100,4.47
182,Kailua,US,2022-07-18 22:11:14,21.4022,-157.7394,84.15,77,100,14.97
183,Saint-Gaudens,FR,2022-07-18 22:15:56,43.0833,0.6667,77.02,45,1,6.4
184,Mandalgovi,MN,2022-07-18 22:15:56,45.7625,106.2708,68.47,38,99,8.08
185,Lat Yao,TH,2022-07-18 22:15:56,15.751,99.7893,80.2,73,53,3.47
186,Ilulissat,GL,2022-07-18 22:15:56,69.2167,-51.1,50.02,66,20,3.44
187,Sondrio,IT,2022-07-18 22:15:57,46.169,9.8692,77.05,82,79,1.63
188,Mount Gambier,AU,2022-07-18 22:15:57,-37.8333,140.7667,35.51,93,75,0.0
189,Codrington,AU,2022-07-18 22:15:57,-38.2667,141.9667,46.6,72,100,4.85
190,Harper,LR,2022-07-18 22:15:58,4.375,-7.7169,74.75,76,84,9.98
191,Faya,SA,2022-07-18 22:15:58,18.3851,42.4509,68.52,38,51,3.94
192,Gbarnga,LR,2022-07-18 22:15:58,6.9956,-9.4722,69.46,98,84,3.71
193,Mehamn,NO,2022-07-18 22:15:58,71.0357,27.8492,60.71,77,0,5.75
194,Tasiilaq,GL,2022-07-18 22:15:59,65.6145,-37.6368,44.76,83,53,1.81
195,Kaeo,NZ,2022-07-18 22:15:59,-35.1,173.7833,61.32,96,89,11.32
196,Hithadhoo,MV,2022-07-18 22:15:24,-0.6,73.0833,81.37,76,100,11.12
197,Timizart,DZ,2022-07-18 22:15:59,36.8,4.2667,76.98,57,0,4.5
198,Zyryanka,RU,2022-07-18 22:16:00,65.75,150.85,61.83,64,100,2.26
199,Okhotsk,RU,2022-07-18 22:16:00,59.3833,143.3,58.98,85,100,1.07
200,Ossora,RU,2022-07-18 22:16:00,59.2353,163.0719,62.4,82,88,6.51
201,Bereznehuvate,UA,2022-07-18 22:16:00,47.3078,32.8499,60.73,54,26,3.78
202,Andra,RU,2022-07-18 22:16:01,62.5147,65.8878,55.56,71,69,1.66
203,Dengzhou,CN,2022-07-18 22:16:01,37.8086,120.7508,73.65,71,7,4.09
204,Khatanga,RU,2022-07-18 22:16:01,71.9667,102.5,52.84,75,100,1.59
205,Tutoia,BR,2022-07-18 22:16:02,-2.7619,-42.2744,79.32,78,49,11.77
206,Abha,SA,2022-07-18 22:16:02,18.2164,42.5053,68.25,46,0,0.0
207,Aklavik,CA,2022-07-18 22:16:02,68.2191,-135.0107,67.8,58,100,13.04
208,Treinta Y Tres,UY,2022-07-18 22:16:03,-33.2333,-54.3833,47.82,81,1,2.98
209,Jaguaruana,BR,2022-07-18 22:16:03,-4.8339,-37.7811,74.62,77,9,6.44
210,Umm Lajj,SA,2022-07-18 22:16:03,25.0213,37.2685,86.65,54,0,7.05
211,Gilbues,BR,2022-07-18 22:16:03,-9.8317,-45.3439,76.91,28,4,6.67
212,Bara,NG,2022-07-18 22:16:04,10.3744,10.7288,74.84,79,99,4.32
213,Saskylakh,RU,2022-07-18 22:16:04,71.9167,114.0833,44.58,77,100,12.86
214,Nichinan,JP,2022-07-18 22:16:04,31.6,131.3667,87.48,87,100,12.5
215,Kavieng,PG,2022-07-18 22:16:05,-2.5744,150.7967,82.9,76,100,11.99
216,Talikota,IN,2022-07-18 22:16:05,16.4833,76.3167,72.52,87,81,12.28
217,Hami,CN,2022-07-18 22:15:58,42.8,93.45,76.46,35,91,6.46
218,Almonte,ES,2022-07-18 22:16:05,37.2647,-6.5167,79.27,58,0,7.45
219,Cabedelo,BR,2022-07-18 22:12:03,-6.9811,-34.8339,75.87,85,40,17.02
220,Avarua,CK,2022-07-18 22:15:10,-21.2078,-159.775,75.25,73,40,5.75
221,Trincomalee,LK,2022-07-18 22:16:06,8.5711,81.2335,78.93,82,100,8.84
222,Castro,BR,2022-07-18 22:12:36,-24.7911,-50.0119,57.31,99,100,3.2
223,Alice Springs,AU,2022-07-18 22:11:47,-23.7,133.8833,40.55,48,85,0.0
224,Kudahuvadhoo,MV,2022-07-18 22:16:06,2.6708,72.8944,81.97,74,100,12.12
225,Severo-Kurilsk,RU,2022-07-18 22:16:06,50.6789,156.125,55.72,89,94,4.47
226,Presidencia Roque Saenz Pena,AR,2022-07-18 22:17:07,-26.7852,-60.4388,55.44,60,100,4.76
227,Bo Rai,TH,2022-07-18 22:17:07,12.5728,102.5371,82.76,94,100,1.86
228,Buraydah,SA,2022-07-18 22:17:07,26.326,43.975,90.05,12,6,9.04
229,Hokitika,NZ,2022-07-18 22:17:08,-42.7167,170.9667,53.69,93,100,15.35
230,Viedma,AR,2022-07-18 22:17:08,-40.8135,-62.9967,44.08,37,34,7.83
231,Porto Novo,BJ,2022-07-18 22:17:08,6.4965,2.6036,74.77,82,78,6.11
232,Riyadh,SA,2022-07-18 22:16:09,24.6877,46.7219,91.54,13,37,3.98
233,Bonavista,CA,2022-07-18 22:14:37,48.6499,-53.1147,63.59,85,59,24.14
234,Talcahuano,CL,2022-07-18 22:17:09,-36.7167,-73.1167,47.88,71,0,8.05
235,Fortuna,US,2022-07-18 22:15:17,40.5982,-124.1573,73.85,66,18,5.99
236,East London,ZA,2022-07-18 22:16:39,-33.0153,27.9116,68.97,35,8,8.97
237,Saint Anthony,US,2022-07-18 22:15:18,45.0205,-93.218,96.89,45,0,13.8
238,Morant Bay,JM,2022-07-18 22:17:09,17.8815,-76.4093,92.71,71,9,12.71
239,Jalu,LY,2022-07-18 22:12:19,29.0331,21.5482,85.77,29,0,13.98
240,Caucaia,BR,2022-07-18 22:17:09,-3.7361,-38.6531,80.04,70,0,6.91
241,Cape Town,ZA,2022-07-18 22:12:31,-33.9258,18.4232,56.91,79,12,7.0
242,Catuday,PH,2022-07-18 22:17:10,16.2923,119.8062,79.38,82,74,6.53
243,Newcastle,AU,2022-07-18 22:15:17,-32.9272,151.7765,49.64,88,75,9.22
244,Wlodawa,PL,2022-07-18 22:17:10,51.55,23.55,61.95,80,99,4.34
245,North Bend,US,2022-07-18 22:15:33,43.4065,-124.2243,87.24,81,0,26.46
246,North Branch,US,2022-07-18 22:17:10,45.5113,-92.9802,99.07,56,4,5.99
247,Sorland,NO,2022-07-18 22:17:11,67.667,12.6934,51.66,84,88,13.0
248,Show Low,US,2022-07-18 22:12:56,34.2542,-110.0298,86.29,29,0,11.5
249,Georgetown,MY,2022-07-18 22:13:57,5.4112,100.3354,82.33,91,20,0.0
250,Jumla,NP,2022-07-18 22:17:11,29.2747,82.1838,63.82,93,89,1.95
251,Honningsvag,NO,2022-07-18 22:17:11,70.9821,25.9704,53.35,94,40,4.61
252,Alyangula,AU,2022-07-18 22:17:12,-13.8483,136.4192,69.04,78,83,7.56
253,Astoria,US,2022-07-18 22:16:15,46.1879,-123.8313,72.72,67,0,9.22
254,San Rafael,AR,2022-07-18 22:15:23,-34.6177,-68.3301,46.6,35,60,6.44
255,Hasaki,JP,2022-07-18 22:17:02,35.7333,140.8333,81.28,85,100,13.22
256,Inongo,CD,2022-07-18 22:17:12,-1.95,18.2667,67.14,95,89,4.92
257,Osecina,RS,2022-07-18 22:17:13,44.3731,19.6014,61.57,37,4,3.89
258,Rincon,US,2022-07-18 22:17:13,32.296,-81.2354,83.95,74,75,12.66
259,Makakilo City,US,2022-07-18 22:16:30,21.3469,-158.0858,82.15,68,100,20.71
260,Lebu,CL,2022-07-18 22:17:13,-37.6167,-73.65,45.73,74,91,5.64
261,Kysyl-Syr,RU,2022-07-18 22:12:15,63.8986,122.7617,66.56,98,99,6.38
262,Arvika,SE,2022-07-18 22:17:14,59.6553,12.5852,61.41,95,60,2.3
263,Tiarei,PF,2022-07-18 22:17:14,-17.5333,-149.3333,82.42,73,13,5.79
264,Leningradskiy,RU,2022-07-18 22:17:14,69.3833,178.4167,34.45,89,100,20.74
265,Firminy,FR,2022-07-18 22:17:14,45.3873,4.2907,75.04,46,0,2.3
266,Davila,PH,2022-07-18 22:17:15,18.4726,120.5763,76.98,85,76,6.62
267,Novyy Urengoy,RU,2022-07-18 22:17:15,66.0833,76.6333,60.89,55,100,11.03
268,Grindavik,IS,2022-07-18 22:17:15,63.8424,-22.4338,53.55,87,75,3.44
269,Los Llanos De Aridane,ES,2022-07-18 22:13:44,28.6585,-17.9182,69.55,93,0,18.41
270,Salalah,OM,2022-07-18 22:17:16,17.0151,54.0924,77.09,94,100,3.44
271,Sunrise Manor,US,2022-07-18 22:17:16,36.2111,-115.0731,109.49,21,0,9.22
272,Kochi,IN,2022-07-18 22:15:33,9.9399,76.2602,74.01,86,100,4.79
273,Khandyga,RU,2022-07-18 22:17:16,62.6667,135.6,72.28,51,100,5.3
274,Biak,ID,2022-07-18 22:15:29,-0.9131,122.8766,73.65,87,100,6.69
275,Puerto Colombia,CO,2022-07-18 22:18:17,10.9878,-74.9547,82.49,80,99,19.06
276,Tateyama,JP,2022-07-18 22:18:17,34.9833,139.8667,79.11,89,100,24.61
277,Ramanuj Ganj,IN,2022-07-18 22:18:17,23.8,83.7,76.44,82,100,4.25
278,Santa Marta,CO,2022-07-18 22:16:04,11.2408,-74.199,84.25,74,75,16.11
279,Te Anau,NZ,2022-07-18 22:18:18,-45.4167,167.7167,42.62,96,100,4.18
280,General Pico,AR,2022-07-18 22:18:18,-35.6566,-63.7568,46.65,30,11,4.09
281,Luis Correia,BR,2022-07-18 22:18:18,-2.8792,-41.6669,82.4,78,20,8.05
282,Guarapari,BR,2022-07-18 22:18:19,-20.6667,-40.4975,72.9,88,0,8.61
283,Puruliya,IN,2022-07-18 22:18:19,23.3333,86.3667,78.91,86,100,6.71
284,Celestun,MX,2022-07-18 22:18:19,20.8667,-90.4,86.07,69,44,13.82
285,Atar,MR,2022-07-18 22:18:19,20.5169,-13.0499,94.46,29,44,10.74
286,Tautira,PF,2022-07-18 22:18:20,-17.7333,-149.15,75.63,73,15,6.87
287,Auki,SB,2022-07-18 22:18:20,-8.7676,160.7034,81.54,72,28,3.27
288,Lata,PT,2022-07-18 22:18:20,40.1629,-8.3327,59.92,96,4,1.52
289,Kieta,PG,2022-07-18 22:18:21,-6.2167,155.6333,81.93,73,47,3.74
290,Huarmey,PE,2022-07-18 22:18:21,-10.0681,-78.1522,66.02,76,62,11.12
291,Bathsheba,BB,2022-07-18 22:18:21,13.2167,-59.5167,83.01,84,40,18.41
292,Itaituba,BR,2022-07-18 22:18:21,-4.2761,-55.9836,89.76,58,20,0.0
293,Verkhnevilyuysk,RU,2022-07-18 22:18:22,63.4453,120.3167,63.36,88,100,4.76
294,Airai,TL,2022-07-18 22:18:22,-8.9266,125.4092,50.31,54,95,2.73
295,Nalut,LY,2022-07-18 22:18:22,30.3333,10.85,83.48,20,0,11.88
296,Belaya Gora,RU,2022-07-18 22:18:23,68.5333,146.4167,51.28,53,100,11.81
297,Catamarca,AR,2022-07-18 22:15:31,-28.4696,-65.7852,56.77,43,0,1.99
298,Cherskiy,RU,2022-07-18 22:15:33,68.75,161.3,58.77,47,58,9.8
299,Vanavara,RU,2022-07-18 22:18:23,60.34,102.2797,57.33,97,100,2.75
300,Bahir Dar,ET,2022-07-18 22:18:23,11.5936,37.3908,61.3,93,100,6.35
301,Krasnodon,UA,2022-07-18 22:18:24,48.2923,39.7373,57.45,64,0,6.38
302,Kambove,CD,2022-07-18 22:18:24,-10.8764,26.5969,56.3,54,7,4.14
303,Puerto Baquerizo Moreno,EC,2022-07-18 22:18:24,-0.9,-89.6,72.59,78,75,13.8
304,Noeux-Les-Mines,FR,2022-07-18 22:18:25,50.4801,2.6657,80.94,56,13,5.19
305,Mahebourg,MU,2022-07-18 22:18:25,-20.4081,57.7,67.24,88,40,17.27
306,Ambilobe,MG,2022-07-18 22:18:25,-13.2,49.05,65.19,69,78,6.85
307,Port Hawkesbury,CA,2022-07-18 22:18:25,45.6169,-61.3485,82.9,54,0,11.5
308,Half Moon Bay,US,2022-07-18 22:18:26,37.4636,-122.4286,99.88,68,0,21.85
309,Aykhal,RU,2022-07-18 22:18:26,66.0,111.5,47.71,87,100,5.61
310,Channel-Port Aux Basques,CA,2022-07-18 22:17:46,47.5702,-59.1367,63.57,89,93,5.21
311,Calama,CL,2022-07-18 22:16:30,-22.4667,-68.9333,68.49,13,0,17.27
312,Klaksvik,FO,2022-07-18 22:18:27,62.2266,-6.589,50.92,87,100,11.7
313,San Pedro,PH,2022-07-18 22:18:27,14.35,121.0167,78.31,91,20,1.14
314,San Patricio,US,2022-07-18 22:18:27,28.017,-97.5169,98.19,47,57,16.64
315,Labuhan,ID,2022-07-18 22:18:27,-6.8844,112.2051,75.54,86,98,6.85
316,Giehun,SL,2022-07-18 22:18:28,7.8833,-11.05,71.01,97,97,3.89
317,Bulgan,MN,2022-07-18 22:18:28,48.8125,103.5347,55.26,80,68,3.33
318,Oussouye,SN,2022-07-18 22:18:28,12.485,-16.5469,86.09,70,84,7.52
319,Zhigansk,RU,2022-07-18 22:19:29,66.7697,123.3711,52.03,81,100,14.94
320,Salto,UY,2022-07-18 22:18:35,-31.3833,-57.9667,55.56,77,0,9.22
321,Beloha,MG,2022-07-18 22:15:31,-25.1667,45.05,63.1,82,0,10.27
322,Yerbogachen,RU,2022-07-18 22:19:29,61.2767,108.0108,58.93,79,36,5.68
323,Benguela,AO,2022-07-18 22:19:29,-12.5763,13.4055,69.06,81,59,1.57
324,Banepa,NP,2022-07-18 22:19:30,27.6298,85.5214,67.1,96,100,2.04
325,Hay River,CA,2022-07-18 22:15:33,60.8156,-115.7999,76.96,38,75,5.75
326,Zabol,AF,2022-07-18 22:19:30,32.25,67.25,78.4,43,0,3.02
327,Lasa,IT,2022-07-18 22:19:30,46.6166,10.7002,72.48,80,86,0.74
328,Zaraza,VE,2022-07-18 22:19:30,9.3503,-65.3245,77.99,85,88,7.61
329,Yzeure,FR,2022-07-18 22:19:31,46.5644,3.355,72.34,46,0,3.76
330,Caravelas,BR,2022-07-18 22:19:31,-17.7125,-39.2481,70.86,75,38,4.88
331,Rudbar,AF,2022-07-18 22:19:31,30.15,62.6,92.79,15,0,7.14
332,Kontagora,NG,2022-07-18 22:19:32,10.3999,5.4695,71.92,90,38,3.49
333,Taoudenni,ML,2022-07-18 22:16:21,22.6783,-3.9836,100.26,6,0,6.04
334,Dinard,FR,2022-07-18 22:19:32,48.6314,-2.0614,86.38,31,0,6.91
335,Tiznit,MA,2022-07-18 22:19:32,29.5833,-9.5,80.92,47,47,1.68
336,Sisimiut,GL,2022-07-18 22:19:32,66.9395,-53.6735,45.72,88,100,3.78
337,Santa Maria,BR,2022-07-18 22:19:33,-29.6842,-53.8069,50.43,90,0,3.83
338,Sungaipenuh,ID,2022-07-18 22:19:33,-2.0833,101.3833,64.0,95,36,2.37
339,Kasempa,ZM,2022-07-18 22:19:33,-13.4584,25.8338,53.44,54,13,4.79
340,Saint-Francois,FR,2022-07-18 22:18:39,46.4154,3.9054,74.68,60,0,1.14
341,Gondanglegi,ID,2022-07-18 22:19:34,-7.7479,112.0132,74.1,87,15,9.37
342,Saldanha,ZA,2022-07-18 22:19:34,-33.0117,17.9442,55.69,79,0,11.16
343,Praya,CV,2022-07-18 22:19:34,14.9215,-23.5087,75.74,83,100,13.8
344,Davenda,RU,2022-07-18 22:19:34,53.5556,119.317,62.08,84,0,2.46
345,Campbell River,CA,2022-07-18 22:19:35,50.0163,-125.2446,66.58,63,75,5.75
346,Marsh Harbour,BS,2022-07-18 22:19:35,26.5412,-77.0636,83.66,75,5,11.72
347,Almeria,ES,2022-07-18 22:19:35,37.1667,-2.3333,72.77,41,3,1.99
348,Cocobeach,GA,2022-07-18 22:19:36,1.0002,9.5823,76.26,80,80,11.21
349,Tigil,RU,2022-07-18 22:19:36,57.8,158.6667,62.92,73,100,3.44
350,La Ronge,CA,2022-07-18 22:18:22,55.1001,-105.2842,84.42,28,40,10.36
351,Gorlitz,DE,2022-07-18 22:19:36,51.1552,14.9885,67.68,58,81,6.06
352,Pisco,PE,2022-07-18 22:19:36,-13.7,-76.2167,64.45,72,0,3.44
353,Dubbo,AU,2022-07-18 22:19:37,-32.25,148.6167,37.53,87,1,10.36
354,Irondequoit,US,2022-07-18 22:19:37,43.2134,-77.5797,76.44,89,100,18.41
355,Talara,PE,2022-07-18 22:19:37,-4.5772,-81.2719,68.76,77,0,10.36
356,Clyde River,CA,2022-07-18 22:19:38,70.4692,-68.5914,41.23,81,75,8.05
357,Eenhana,NA,2022-07-18 22:19:38,-17.4667,16.3333,53.8,33,3,7.49
358,Hayrabolu,TR,2022-07-18 22:19:38,41.2131,27.1069,63.14,70,0,6.24
359,Najran,SA,2022-07-18 22:19:38,17.4924,44.1277,84.85,36,100,5.95
360,Warmbad,NA,2022-07-18 22:19:39,-28.45,18.7333,62.53,29,0,8.05
361,Chilmari,BD,2022-07-18 22:19:39,25.5559,89.6715,79.75,90,96,11.34
362,Kargasok,RU,2022-07-18 22:19:39,59.0556,80.8572,54.55,81,74,9.26
363,Nongstoin,IN,2022-07-18 22:19:40,25.5167,91.2667,67.05,99,99,4.16
364,Semirom,IR,2022-07-18 22:19:40,31.4167,51.5667,62.44,17,0,1.52
365,Cidreira,BR,2022-07-18 22:15:37,-30.1811,-50.2056,57.27,92,0,4.38
366,Sept-Iles,CA,2022-07-18 22:15:47,50.2001,-66.3821,72.12,84,75,8.05
367,Chicama,PE,2022-07-18 22:17:20,-7.8447,-79.1469,59.54,67,28,7.85
368,Envira,BR,2022-07-18 22:20:40,-7.3,-70.2167,76.89,83,71,2.39
369,Shenjiamen,CN,2022-07-18 22:20:41,29.9576,122.298,77.0,96,100,2.01
370,Limpapa,PH,2022-07-18 22:20:41,7.1197,121.9106,72.73,83,100,4.81
371,Cap Malheureux,MU,2022-07-18 22:20:41,-19.9842,57.6142,67.46,69,57,7.0
372,Vao,NC,2022-07-18 22:20:42,-22.6667,167.4833,72.34,87,100,15.35
373,Muroto,JP,2022-07-18 22:19:27,33.2833,134.15,80.51,89,100,20.56
374,Kondagaon,IN,2022-07-18 22:20:42,19.6,81.6667,69.24,97,83,5.3
375,Soderhamn,SE,2022-07-18 22:20:42,61.3037,17.0592,58.95,88,99,5.46
376,Trairi,BR,2022-07-18 22:17:54,-3.2778,-39.2689,77.77,70,6,11.5
377,Tura,IN,2022-07-18 22:20:42,25.5198,90.2201,74.26,97,98,5.39
378,Neokhorion,GR,2022-07-18 22:20:43,41.1833,23.25,67.93,60,0,1.3
379,Gat,IL,2022-07-18 22:20:43,31.61,34.7642,80.4,79,0,0.16
380,Krasnoselkup,RU,2022-07-18 22:18:26,65.7,82.4667,49.1,88,59,9.6
381,Rio Grande,BR,2022-07-18 22:20:43,-32.035,-52.0986,50.95,79,3,5.23
382,Ugoofaaru,MV,2022-07-18 22:20:44,5.6667,73.0,81.3,76,100,17.76
383,Sur,OM,2022-07-18 22:20:44,22.5667,59.5289,84.7,87,38,5.12
384,Tabuk,PH,2022-07-18 22:20:44,17.4189,121.4443,74.16,91,99,2.8
385,Uige,AO,2022-07-18 22:20:45,-7.6087,15.0613,66.29,81,34,2.8
386,Namibe,AO,2022-07-18 22:20:45,-15.1961,12.1522,65.52,84,72,4.18
387,Safakulevo,RU,2022-07-18 22:20:45,54.9901,62.5442,62.06,93,0,4.68
388,Samarai,PG,2022-07-18 22:20:45,-10.6167,150.6667,79.74,83,22,8.88
389,Labytnangi,RU,2022-07-18 22:20:46,66.6572,66.4183,59.18,67,100,5.19
390,Jackson,US,2022-07-18 22:19:36,42.4165,-122.8345,93.74,28,0,3.0
391,Acapulco,MX,2022-07-18 22:20:37,16.8634,-99.8901,85.82,74,75,5.75
392,Qasigiannguit,GL,2022-07-18 22:20:46,68.8193,-51.1922,50.25,76,67,0.45
393,Sinnamary,GF,2022-07-18 22:20:46,5.3833,-52.95,78.82,85,29,8.7
394,Huilong,CN,2022-07-18 22:20:47,31.8111,121.655,79.93,90,100,3.96
395,Lompoc,US,2022-07-18 22:20:47,34.6391,-120.4579,91.54,61,0,16.11
396,Mahajanga,MG,2022-07-18 22:20:47,-15.7167,46.3167,69.82,64,20,9.22
397,Krutinka,RU,2022-07-18 22:20:48,56.0055,71.5113,57.11,83,22,8.43
398,Daru,PG,2022-07-18 22:20:48,-9.0763,143.2092,76.96,91,89,16.55
399,Sibolga,ID,2022-07-18 22:20:48,1.7427,98.7792,77.05,83,98,2.55
400,Pacific Grove,US,2022-07-18 22:20:49,36.6177,-121.9166,76.01,80,0,12.66
401,Nueva Loja,EC,2022-07-18 22:20:49,0.0847,-76.8828,77.02,78,40,6.91
402,Tagusao,PH,2022-07-18 22:20:49,9.1924,117.8141,78.57,82,100,3.6
403,Marystown,CA,2022-07-18 22:20:49,47.1666,-55.1483,64.85,100,89,5.01
404,Ahvaz,IR,2022-07-18 22:20:50,31.3203,48.6693,93.15,18,0,2.3
405,Melo,UY,2022-07-18 22:20:50,-32.3667,-54.1833,46.99,82,22,1.43
406,Yenagoa,NG,2022-07-18 22:20:50,4.9247,6.2642,73.76,83,98,4.81
407,Grootfontein,NA,2022-07-18 22:17:49,-19.5667,18.1167,38.77,70,0,3.44
408,Vardo,NO,2022-07-18 22:20:51,70.3705,31.1107,53.58,87,28,2.3
409,Kedrovyy,RU,2022-07-18 22:20:51,56.1667,91.8167,54.01,99,100,10.78
410,Abalak,RU,2022-07-18 22:20:51,58.1286,68.5944,56.25,78,53,4.94
411,Lavrentiya,RU,2022-07-18 22:19:34,65.5833,-171.0,36.3,90,99,13.96
412,Monastyrshchina,RU,2022-07-18 22:21:52,54.3496,31.838,55.31,87,94,6.15
413,Evensk,RU,2022-07-18 22:21:52,61.95,159.2333,51.19,95,100,9.51
414,Sretensk,RU,2022-07-18 22:21:52,52.2453,117.7093,62.74,83,0,1.3
415,Scarborough,GB,2022-07-18 22:21:52,54.2797,-0.4044,73.9,64,27,1.99
416,Port-Cartier,CA,2022-07-18 22:21:53,50.0334,-66.8654,71.82,69,51,3.47
417,Champerico,GT,2022-07-18 22:21:53,14.3,-91.9167,93.74,71,57,6.8
418,Wairoa,NZ,2022-07-18 22:21:53,-39.0333,177.3667,59.56,71,100,4.0
419,Lodja,CD,2022-07-18 22:21:54,-3.4833,23.4333,74.23,61,88,2.46
420,Meulaboh,ID,2022-07-18 22:21:54,4.1363,96.1285,75.47,87,73,4.65
421,Mudanya,TR,2022-07-18 22:21:54,40.3753,28.8822,65.35,76,0,10.83
422,Amalapuram,IN,2022-07-18 22:21:54,16.5833,82.0167,77.59,92,100,3.49
423,Valparaiso,CL,2022-07-18 22:21:55,-33.0393,-71.6273,59.23,73,0,10.36
424,Ilam,NP,2022-07-18 22:21:55,26.9167,87.9167,70.56,91,100,1.66
425,Wilhelmsburg,AT,2022-07-18 22:21:55,48.1057,15.6054,67.37,82,15,3.6
426,Majene,ID,2022-07-18 22:21:56,-3.5403,118.9707,77.18,87,95,6.22
427,Uniao,BR,2022-07-18 22:21:56,-4.5858,-42.8642,80.91,52,76,2.28
428,Chifeng,CN,2022-07-18 22:21:56,42.2683,118.9636,67.93,62,27,4.21
429,Grand Forks,US,2022-07-18 22:21:56,47.9417,-97.4337,92.79,58,40,9.22
430,Puerto Del Rosario,ES,2022-07-18 22:21:57,28.5004,-13.8627,73.15,83,1,12.66
431,Lazaro Cardenas,MX,2022-07-18 22:19:35,17.9583,-102.2,86.07,66,97,9.24
432,Pando,UY,2022-07-18 22:21:57,-34.7167,-55.95,46.49,93,0,3.44
433,Torbay,CA,2022-07-18 22:21:57,47.6666,-52.7314,70.57,70,75,11.5
434,Muisne,EC,2022-07-18 22:21:58,0.6,-80.0333,74.88,86,100,10.76
435,Ancud,CL,2022-07-18 22:21:58,-41.8697,-73.8203,42.22,73,14,7.87
436,That Phanom,TH,2022-07-18 22:21:58,16.9364,104.7104,78.01,90,100,4.36
437,Ulagan,RU,2022-07-18 22:21:58,50.6321,87.9563,41.2,95,39,1.36
438,Arman,RU,2022-07-18 22:21:59,59.7,150.1667,59.02,84,100,3.76
439,Oranjemund,NA,2022-07-18 22:21:59,-28.55,16.4333,55.58,94,39,6.8
440,Port Hardy,CA,2022-07-18 22:21:59,50.6996,-127.4199,62.78,67,100,9.22
441,Maxixe,MZ,2022-07-18 22:22:00,-23.8597,35.3472,67.1,90,3,1.66
442,Sal Rei,CV,2022-07-18 22:22:00,16.1833,-22.9167,74.7,83,100,17.6
443,Plessisville,CA,2022-07-18 22:22:00,46.2186,-71.762,71.08,95,100,6.02
444,Hohhot,CN,2022-07-18 22:22:00,40.8106,111.6522,64.69,42,0,2.24
445,Sapa,PH,2022-07-18 22:22:01,5.1544,120.3241,81.01,77,100,5.59
446,Dalby,AU,2022-07-18 22:22:01,-27.1833,151.2667,51.98,76,67,6.11
447,Jaisalmer,IN,2022-07-18 22:22:01,26.9147,70.9181,85.96,74,98,8.34
448,Saint-Augustin,CA,2022-07-18 22:22:02,51.226,-58.6502,69.26,63,86,12.57
449,Orcopampa,PE,2022-07-18 22:22:02,-15.2661,-72.3417,49.42,52,100,6.55
450,Khanu Woralaksaburi,TH,2022-07-18 22:22:02,16.0617,99.8606,80.55,79,47,3.06
451,Pangnirtung,CA,2022-07-18 22:22:03,66.1451,-65.7125,42.8,87,75,16.11
452,Ambon,ID,2022-07-18 22:22:03,-3.6954,128.1814,76.23,16,75,2.3
453,Reporoa,NZ,2022-07-18 22:22:03,-38.4333,176.35,54.41,85,100,6.73
454,Sinjar,IQ,2022-07-18 22:22:04,36.3209,41.8754,90.57,19,0,7.54
455,Skjervoy,NO,2022-07-18 22:22:04,70.0311,20.9714,50.0,96,100,5.97
456,Phan Thiet,VN,2022-07-18 22:22:04,10.9333,108.1,78.55,86,100,6.89
457,Svobodnyy,RU,2022-07-18 22:22:04,51.4,128.1333,69.94,75,89,2.35
458,Kenai,US,2022-07-18 22:22:05,60.5544,-151.2583,64.49,72,40,19.57
459,Sobradinho,BR,2022-07-18 22:23:05,-12.8333,-39.1,68.65,94,77,6.67
460,Svetlaya,RU,2022-07-18 22:23:05,46.5389,138.3297,62.67,88,54,0.94
461,Kalmunai,LK,2022-07-18 22:23:05,7.4167,81.8167,78.8,86,86,7.25
462,Tomatlan,MX,2022-07-18 22:23:06,19.9333,-105.25,87.13,64,100,5.19
463,Gold Coast,AU,2022-07-18 22:20:00,-28.0,153.4333,59.07,72,0,12.66
464,Vestmannaeyjar,IS,2022-07-18 22:23:06,63.4427,-20.2734,52.0,87,100,13.89
465,Tamiahua,MX,2022-07-18 22:23:06,21.2667,-97.45,87.33,61,99,12.35
466,Uthal,PK,2022-07-18 22:23:07,25.8072,66.6219,81.97,88,89,4.32
467,Pitimbu,BR,2022-07-18 22:22:47,-7.4706,-34.8086,75.79,84,69,16.17
468,Tete,MZ,2022-07-18 22:23:07,-16.1564,33.5867,68.65,70,75,3.98
469,Goundam,ML,2022-07-18 22:23:07,16.4145,-3.6708,96.31,33,68,6.8
470,Nisia Floresta,BR,2022-07-18 22:23:08,-6.0911,-35.2086,77.38,90,69,10.09
471,Oksbol,DK,2022-07-18 22:23:08,55.6268,8.2876,61.92,91,84,5.14
472,Portland,US,2022-07-18 22:23:02,45.5234,-122.6762,80.58,53,20,11.5
473,Yaan,NG,2022-07-18 22:23:08,7.3833,8.5667,74.17,78,80,5.19
474,Namatanai,PG,2022-07-18 22:23:09,-3.6667,152.4333,81.88,73,96,8.3
475,San Cristobal,VE,2022-07-18 22:23:09,7.7669,-72.225,78.98,83,100,3.38
476,Shimoda,JP,2022-07-18 22:19:55,34.6667,138.95,78.1,93,100,16.28
477,Klyuchi,RU,2022-07-18 22:23:09,52.2667,79.1667,57.42,69,5,7.78
478,Aksu,CN,2022-07-18 22:23:10,41.1231,80.2644,78.19,27,11,3.6
479,Mayo,US,2022-07-18 22:18:58,38.8876,-76.5119,91.51,78,100,9.22
480,Esperance,AU,2022-07-18 22:23:10,-33.8667,121.9,51.64,89,40,5.14
481,Pangkalanbuun,ID,2022-07-18 22:23:10,-2.6833,111.6167,71.92,98,98,2.06
482,Alofi,NU,2022-07-18 22:23:10,-19.0595,-169.9187,76.89,73,75,16.11
483,Bontang,ID,2022-07-18 22:23:11,0.1333,117.5,78.33,84,100,1.99
484,Barry,GB,2022-07-18 22:23:11,51.4067,-3.2694,81.16,50,30,9.22
485,Lupiro,TZ,2022-07-18 22:23:11,-8.3833,36.6667,73.22,52,95,3.67
486,Aswan,EG,2022-07-18 22:23:12,24.0934,32.907,89.06,19,3,9.22
487,Wahpeton,US,2022-07-18 22:22:56,46.2652,-96.6059,95.02,43,0,17.27
488,Harrison,US,2022-07-18 22:23:12,30.4091,-89.0436,91.42,69,0,12.66
489,Peleduy,RU,2022-07-18 22:23:12,59.6289,112.7406,57.69,81,0,5.57
490,Kamaishi,JP,2022-07-18 22:23:13,39.2667,141.8833,73.53,84,100,1.28
491,Kihei,US,2022-07-18 22:23:13,20.785,-156.4656,89.62,64,40,24.16
492,Tongren,CN,2022-07-18 22:23:13,27.7172,109.1853,75.65,98,100,1.54
493,San Onofre,CO,2022-07-18 22:23:14,9.7359,-75.5263,83.12,86,57,9.86
494,Salaga,GH,2022-07-18 22:23:14,8.5508,-0.5188,74.08,81,28,4.41
495,Broome,US,2022-07-18 22:18:27,42.2506,-75.833,77.38,81,40,13.8
496,Guerrero Negro,MX,2022-07-18 22:23:14,27.9769,-114.0611,82.74,47,3,12.73
497,Sugag,RO,2022-07-18 22:23:15,45.7667,23.6333,54.95,41,4,6.8
498,Laguna,US,2022-07-18 22:23:15,38.421,-121.4238,105.31,16,0,11.5
499,Haines Junction,CA,2022-07-18 22:23:15,60.7522,-137.5108,66.15,42,95,11.5
500,Richards Bay,ZA,2022-07-18 22:23:15,-28.783,32.0377,67.1,80,0,12.12
501,Dickinson,US,2022-07-18 22:23:16,29.4608,-95.0513,101.12,61,40,18.41
502,Conceicao Do Araguaia,BR,2022-07-18 22:23:16,-8.2578,-49.2647,80.19,35,6,1.63
503,Manavgat,TR,2022-07-18 22:23:16,36.7867,31.4431,82.78,46,0,10.92
504,Jacareacanga,BR,2022-07-18 22:23:16,-6.2222,-57.7528,83.26,49,38,2.28
505,Sawtell,AU,2022-07-18 22:23:17,-30.3833,153.1,53.62,58,75,12.66
506,Port Lincoln,AU,2022-07-18 22:24:17,-34.7333,135.8667,52.84,62,100,9.82
507,Basco,PH,2022-07-18 22:24:17,20.4487,121.9702,84.88,79,67,14.54
508,Makurdi,NG,2022-07-18 22:24:18,7.7411,8.5121,75.65,79,93,4.59
509,Biltine,TD,2022-07-18 22:24:18,14.5333,20.9167,87.1,48,27,7.83
510,Winslow,US,2022-07-18 22:19:29,35.0242,-110.6974,96.98,17,0,0.0
511,Ulaangom,MN,2022-07-18 22:24:18,49.9811,92.0667,57.04,68,99,2.66
512,Rock Springs,US,2022-07-18 22:24:19,41.5875,-109.2029,90.84,25,20,29.93
513,Seoul,KR,2022-07-18 22:20:07,37.5683,126.9778,78.37,83,37,1.14
514,Tikapur,NP,2022-07-18 22:24:19,28.5,81.1333,82.58,80,77,9.01
515,Gobabis,NA,2022-07-18 22:24:19,-22.45,18.9667,49.28,46,0,12.33
516,Noumea,NC,2022-07-18 22:24:19,-22.2763,166.4572,73.99,99,98,8.39
517,Sechelt,CA,2022-07-18 22:24:20,49.4664,-123.7694,70.45,77,91,8.19
518,Bay Roberts,CA,2022-07-18 22:23:12,47.5999,-53.2648,71.35,83,40,8.99
519,Muzhi,RU,2022-07-18 22:24:20,65.3667,64.6667,59.61,67,90,3.0
520,Akom,CM,2022-07-18 22:24:20,2.6678,12.7109,67.68,89,100,2.95
521,Igarka,RU,2022-07-18 22:24:21,67.4667,86.5833,53.8,70,100,6.89
522,Zeerust,ZA,2022-07-18 22:24:21,-25.5369,26.0751,50.41,59,0,1.66
523,Amapa,BR,2022-07-18 22:24:21,1.0,-52.0,73.26,98,97,2.93
524,Fuzhou,CN,2022-07-18 22:24:22,26.0614,119.3061,82.29,95,100,2.06
525,Pitea,SE,2022-07-18 22:24:22,65.3172,21.4794,55.49,87,75,6.93
526,Fernie,CA,2022-07-18 22:24:22,49.5,-115.0687,59.68,48,93,9.48
527,Kifri,IQ,2022-07-18 22:24:22,34.6959,44.9661,96.42,14,0,12.37
528,Baykit,RU,2022-07-18 22:24:23,61.67,96.37,56.05,98,98,4.59
529,Constitucion,CL,2022-07-18 22:24:23,-35.3333,-72.4167,50.68,89,90,9.84
530,Ballina,AU,2022-07-18 22:24:23,-28.8667,153.5667,53.02,99,35,9.26
531,Sola,VU,2022-07-18 22:24:24,-13.8833,167.55,80.69,76,29,21.43
532,Tanete,ID,2022-07-18 22:24:24,-3.9443,119.7848,73.42,94,100,4.12
533,Bar Harbor,US,2022-07-18 22:24:24,44.3876,-68.2039,72.93,90,100,10.36
534,Porto Seguro,BR,2022-07-18 22:21:28,-16.4497,-39.0647,73.92,78,20,2.3
535,Lubben,DE,2022-07-18 22:24:25,51.95,13.9,68.25,45,75,5.14
536,Koulamoutou,GA,2022-07-18 22:24:25,-1.1303,12.4736,77.11,68,100,5.37
537,Banes,CU,2022-07-18 22:24:25,20.9625,-75.7186,83.98,73,0,15.46
538,Praia Da Vitoria,PT,2022-07-18 22:21:34,38.7333,-27.0667,73.76,94,75,8.43
539,College,US,2022-07-18 22:24:25,64.8569,-147.8028,61.12,70,75,13.8
540,Mhlume,SZ,2022-07-18 22:22:57,-26.0333,31.85,64.24,85,0,4.16
541,Kununurra,AU,2022-07-18 22:24:26,-15.7667,128.7333,55.38,94,20,1.14
542,Badin,PK,2022-07-18 22:24:26,24.656,68.8384,82.69,79,100,12.1
543,Nara,JP,2022-07-18 22:24:26,34.6851,135.8049,79.5,86,100,4.59
544,Kant,IN,2022-07-18 22:24:27,27.8,79.8,89.83,54,36,8.68
545,Longonjo,AO,2022-07-18 22:24:27,-12.9067,15.2533,59.59,40,4,0.76
546,Kuching,MY,2022-07-18 22:20:33,1.55,110.3333,77.22,100,20,2.3
547,Marawi,PH,2022-07-18 22:24:27,7.9986,124.2928,68.83,95,100,3.22
548,Luena,AO,2022-07-18 22:24:28,-11.7833,19.9167,51.75,55,9,3.94
549,Strezhevoy,RU,2022-07-18 22:24:28,60.7333,77.5889,58.71,71,100,6.93
550,Anloga,GH,2022-07-18 22:25:28,5.7947,0.8973,76.51,79,79,14.14
551,Stykkisholmur,IS,2022-07-18 22:25:29,65.0757,-22.7297,53.08,78,100,3.27
552,Dumbraveni,RO,2022-07-18 22:25:29,46.2333,24.5667,53.31,41,14,1.88
553,Horki,BY,2022-07-18 22:25:29,54.2861,30.9842,53.37,92,96,6.33
554,Gumdag,TM,2022-07-18 22:25:30,39.2061,54.5906,88.97,25,0,6.49
555,Kovdor,RU,2022-07-18 22:25:30,67.5662,30.4758,52.23,90,100,1.5
556,Teya,RU,2022-07-18 22:21:19,60.3778,92.6267,54.0,99,100,1.3
557,Payakumbuh,ID,2022-07-18 22:25:30,-0.2202,100.6308,69.53,95,26,2.48
558,Havelock,US,2022-07-18 22:24:26,34.8791,-76.9013,82.38,86,0,11.5
559,Novovyazniki,RU,2022-07-18 22:25:30,56.1975,42.1711,54.0,99,99,5.46
560,San Vicente,AR,2022-07-18 22:20:50,-26.6167,-54.1333,55.44,98,100,1.41
561,Cilegon,ID,2022-07-18 22:25:31,-6.0174,106.0538,77.32,87,32,4.79
562,Hodonin,CZ,2022-07-18 22:25:31,48.8489,17.1324,68.77,74,8,4.03
563,Utete,TZ,2022-07-18 22:25:31,-7.986,38.758,68.77,88,81,3.06
564,Nome,US,2022-07-18 22:25:32,64.5011,-165.4064,42.87,76,100,23.02
565,Blyth,GB,2022-07-18 22:25:32,55.1271,-1.5086,73.47,49,0,3.44
566,Batagay,RU,2022-07-18 22:25:32,67.6333,134.6333,59.04,83,71,6.71
567,Marienburg,PL,2022-07-18 22:25:33,54.0359,19.0266,66.11,76,100,5.35
568,Watsa,CD,2022-07-18 22:25:33,3.0372,29.5355,64.65,97,100,1.36
569,Goma,CD,2022-07-18 22:25:33,-1.6792,29.2228,67.26,60,93,2.13
570,Socuellamos,ES,2022-07-18 22:25:33,39.2858,-2.7921,81.37,31,53,12.15
571,Bose,IT,2022-07-18 22:25:34,45.4612,8.0137,77.76,69,9,6.26
572,Tommot,RU,2022-07-18 22:25:34,58.9564,126.2925,67.15,88,64,1.5
573,Nantucket,US,2022-07-18 22:25:34,41.2835,-70.0995,75.99,98,100,11.5
574,Tahe,CN,2022-07-18 22:25:34,52.3333,124.7333,66.29,78,98,1.72
575,Lagoa,PT,2022-07-18 22:24:22,39.05,-27.9833,69.53,88,95,12.37
576,Sabha,LY,2022-07-18 22:25:35,27.0377,14.4283,84.69,29,0,23.4
577,Moron,AR,2022-07-18 22:25:35,-34.6534,-58.6198,56.95,50,78,5.79
578,Iracoubo,GF,2022-07-18 22:25:35,5.4802,-53.2011,79.07,84,23,8.77
579,Tabou,CI,2022-07-18 22:25:36,4.423,-7.3528,75.33,76,96,9.84
580,Ullapool,GB,2022-07-18 22:25:36,57.8987,-5.1604,61.36,92,79,2.73
581,Ati,TD,2022-07-18 22:25:36,13.2154,18.3353,85.66,53,30,9.26
582,Mabay,PH,2022-07-18 22:25:37,6.0577,124.4666,76.87,82,100,3.4
583,Talaya,RU,2022-07-18 22:25:37,61.3833,152.75,72.5,64,84,5.84
584,Penzance,GB,2022-07-18 22:25:37,50.1186,-5.5371,70.48,59,52,13.73
585,Acarau,BR,2022-07-18 22:25:37,-2.8856,-40.12,78.3,72,31,17.31
586,Alugan,PH,2022-07-18 22:25:38,12.2188,125.4808,79.21,83,92,7.27
587,Tsabong,BW,2022-07-18 22:25:38,-26.0217,22.401,56.73,40,0,11.27
